headline,url,img,provider,source
Troubled News Anchor Does The Unthinkable On Air,http://www.trend-chaser.com/entertainment/the-craziest-things-news-anchors-have-said-and-done-on-air/?dmc=a6a1&utm_source=tb&utm_medium=tmz-tb&utm_term=Troubled+News+Anchor+Does+The+Unthinkable+On+Air-https%3A%2F%2Fconsole.brax-cdn.com%2Fcreatives%2Fb86bbc0b-1fab-4ae3-9b34-fef78c1a7488%2Fhands_810de434c13eb2f53dc886235425ff48.600x500.png&utm_content=31035480&utm_campaign=422613-tb,https://console.brax-cdn.com/creatives/b86bbc0b-1fab-4ae3-9b34-fef78c1a7488/hands_810de434c13eb2f53dc886235425ff48.600x500.png,taboola,http://tmz.com
Try NOT Gasp When You See Who Queen Latifah Is Dating!,http://zcretuzft.iflmylife.com/entertainment/other-halves-of-lgbtq-celebs/?utm_campaign=Circle%20Celebs%20T3%20-%20Desktop&utm_source=taboola&utm_medium=tmz&utm_content=http%3A%2F%2Fcdn.taboolasyndication.com%2Flibtrc%2Fstatic%2Fthumbnails%2Fb0b5871955c9c4caa3360030a9618d3d.jpg&utm_term=Try+NOT+Gasp+When+You+See+Who+Queen+Latifah+Is+Dating%21,http://cdn.taboolasyndication.com/libtrc/static/thumbnails/b0b5871955c9c4caa3360030a9618d3d.jpg,taboola,http://tmz.com
Susan Boyle is So Skinny Now and Looks Gorgeous,http://www.journalistate.com/popular/big-hollywood-weight-loss-miracles?utm_medium=taboola&utm_source=taboola&utm_campaign=hollywood_weight_loss_miracles_safe_des&utm_term=tmz,http://cdn.taboolasyndication.com/libtrc/static/thumbnails/6917260035157a8c8114792a10f40ead.jpg,taboola,http://tmz.com
Troubled News Anchor Does The Unthinkable On Air,http://www.trend-chaser.com/entertainment/the-craziest-things-news-anchors-have-said-and-done-on-air/?dmc=a6a1&utm_source=tb&utm_medium=tmz-tb&utm_term=Troubled+News+Anchor+Does+The+Unthinkable+On+Air-https%3A%2F%2Fconsole.brax-cdn.com%2Fcreatives%2Fb86bbc0b-1fab-4ae3-9b34-fef78c1a7488%2Fhands_810de434c13eb2f53dc886235425ff48.600x500.png&utm_content=31035480&utm_campaign=422613-tb,https://console.brax-cdn.com/creatives/b86bbc0b-1fab-4ae3-9b34-fef78c1a7488/hands_810de434c13eb2f53dc886235425ff48.600x500.png,taboola,http://tmz.com
Try NOT Gasp When You See Who Queen Latifah Is Dating!,http://zcretuzft.iflmylife.com/entertainment/other-halves-of-lgbtq-celebs/?utm_campaign=Circle%20Celebs%20T3%20-%20Desktop&utm_source=taboola&utm_medium=tmz&utm_content=http%3A%2F%2Fcdn.taboolasyndication.com%2Flibtrc%2Fstatic%2Fthumbnails%2Fb0b5871955c9c4caa3360030a9618d3d.jpg&utm_term=Try+NOT+Gasp+When+You+See+Who+Queen+Latifah+Is+Dating%21,http://cdn.taboolasyndication.com/libtrc/static/thumbnails/b0b5871955c9c4caa3360030a9618d3d.jpg,taboola,http://tmz.com
It's Almost Hard To Fathom What He look's Like Now,http://www.journalistate.com/popular/big-hollywood-weight-loss-miracles?utm_medium=taboola&utm_source=taboola&utm_campaign=hollywood_weight_loss_miracles_safe_des&utm_term=tmz,http://cdn.taboolasyndication.com/libtrc/static/thumbnails/aac6711121072054e408f950bc2cde4e.jpg,taboola,http://tmz.com
Troubled News Anchor Does The Unthinkable On Air,http://www.trend-chaser.com/entertainment/the-craziest-things-news-anchors-have-said-and-done-on-air/?dmc=a6a1&utm_source=tb&utm_medium=tmz-tb&utm_term=Troubled+News+Anchor+Does+The+Unthinkable+On+Air-https%3A%2F%2Fconsole.brax-cdn.com%2Fcreatives%2Fb86bbc0b-1fab-4ae3-9b34-fef78c1a7488%2Fhands_810de434c13eb2f53dc886235425ff48.600x500.png&utm_content=31035480&utm_campaign=422613-tb,https://console.brax-cdn.com/creatives/b86bbc0b-1fab-4ae3-9b34-fef78c1a7488/hands_810de434c13eb2f53dc886235425ff48.600x500.png,taboola,http://tmz.com
Try NOT Gasp When You See Who Queen Latifah Is Dating!,http://zcretuzft.iflmylife.com/entertainment/other-halves-of-lgbtq-celebs/?utm_campaign=Circle%20Celebs%20T3%20-%20Desktop&utm_source=taboola&utm_medium=tmz&utm_content=http%3A%2F%2Fcdn.taboolasyndication.com%2Flibtrc%2Fstatic%2Fthumbnails%2Fb0b5871955c9c4caa3360030a9618d3d.jpg&utm_term=Try+NOT+Gasp+When+You+See+Who+Queen+Latifah+Is+Dating%21,http://cdn.taboolasyndication.com/libtrc/static/thumbnails/b0b5871955c9c4caa3360030a9618d3d.jpg,taboola,http://tmz.com
It's Almost Hard To Fathom What He look's Like Now,http://www.journalistate.com/popular/big-hollywood-weight-loss-miracles?utm_medium=taboola&utm_source=taboola&utm_campaign=hollywood_weight_loss_miracles_safe_des&utm_term=tmz,http://cdn.taboolasyndication.com/libtrc/static/thumbnails/aac6711121072054e408f950bc2cde4e.jpg,taboola,http://tmz.com
21 Disturbing Secrets The Obama's Tried To Hide While He Was President,http://loanpride.com/obama-family-divorce-attorney-quit-smoking-tips/?utm_source=revcontent&utm_medium=10949&utm_term=urban%20and%20hip-hop%20lifestyle&utm_content=1770997&utm_campaign=234718&utm_widget_id=10949,https://revcontent-p0.s3.amazonaws.com/content/images/1485182680.png,revcontent,http://worldstarhiphop.com/videos/
Odd Trick To Fix Sagging Skin Is Absolutely Genius,https://www.southbeachskinlab.com/presentation/v1g-a-3.php?c1=1825059&c2=243847&c3=urban+and+hip-hop+lifestyle&c4=10949&sxid=o5hmt08946fa,https://revcontent-p0.s3.amazonaws.com/content/images/1490374869.png,revcontent,http://worldstarhiphop.com/videos/
Here's What New Dental Implants Should Cost in New York,http://scandentalimplants.com/?affid=1016&s1=10949&s2=1801865%7C239864%7Cworldstarhiphop.com,https://revcontent-p0.s3.amazonaws.com/content/images/1489682521.jpg,revcontent,http://worldstarhiphop.com/videos/
Emma Watson is Pissed That We Have These Photos,http://detonate.com/30-awkward-child-stars-turned-insanely-hot/?utm_source=9ac&utm_medium=hb&utm_campaign=9ac_US_desktop_Child-Star-Transformations-You-Won%27t-Believe_12_59ai_20170131_hb_3341&utm_term=10949,https://revcontent-p0.s3.amazonaws.com/content/images/1490034522.jpg,revcontent,http://worldstarhiphop.com/videos/
"Michael Jordan Has Pretty Much Given Up on His Son, Here's Why",http://trends.revcontent.com/click.php?d=Mwl1FGgudNM%2BNmYvVaQaSG%2FUnUAAxSEgOsoqBsb758v4reqLuvCnT%2Fqv0ydPSfxmijyK2qzT4SuEt%2BZSd761ztvy8DN0PBZNOyrmiOgq2ywGC1AvWGsbDrQFE%2BGnK%2BmtykHbfQQoyTjyqAEZmzJ%2BO0jMRLOq6m5eb75udXlGpV4VZ630R9%2BMW0%2FV85Nhvvs21HbIptPSmVC5xr%2FWnHXeJ%2BFYPrOBuuCv0ThY7KH5qjvIxmeGL%2FEiUg5OsgLYBBqDlVZbFSy4PaUqmSK7RTgSJrTxy83lIwtyaoqdZ%2BQu55AqVZyKkxh3OsnM7vv29Jc%2BeAnZ7pm1F8AVm7AoE3XL98hPTHwrqY6yx6BqyuANZiJiE1DEG6PplDZXPo7aX3DSQhytvo%2BDXgefBzeJCu0XgogkjajI%2BFBacCWYbjgGF1Rp2ovsA9w7Ne1y9I1TVRKFH2NS%2Bqz1Fa597ncSIo%2FhjJ5pLEnZ9KT7p%2Fil5mkmjRUEl2SWaaI5XYJ39fCli5lhOMVYV1UNXR6t77aytT%2FzkpqSp%2FSi8hmbsFb2CwhzGar6XzW2FK8DiHyTrU5ArSFQCAgAHnkvmRn40zIcGWBCivrxUGfjUSGlqgJ6JZiF8cYCZgQlM%2BR%2FRAsUhk2nhQfCiRLRtqAs2z8qPzBWRzdFlCISc9svSqTl0L11lWcBYScke9sJpe48JWOUx4GkemDBg1IVtujnHA9%2B7VWA%2FZP9FvZbXbukAF15UHx0bZMg1DITMwf9WB9nPkudmlygV7cX,https://revcontent-p0.s3.amazonaws.com/content/images/1486415171.jpg,revcontent,http://worldstarhiphop.com/videos/
The NR Experiment - She Is Over 50 [Watch],http://thelongevitystudy.com/160725A.php?n=RC,https://revcontent-production.s3.amazonaws.com/content/images/1430249608.jpg,revcontent,http://worldstarhiphop.com/videos/
21 Disturbing Secrets The Obama's Tried To Hide While He Was President,http://loanpride.com/obama-family-divorce-attorney-quit-smoking-tips/?utm_source=revcontent&utm_medium=10949&utm_term=urban%20and%20hip-hop%20lifestyle&utm_content=1770997&utm_campaign=234718&utm_widget_id=10949,https://revcontent-p0.s3.amazonaws.com/content/images/1485182680.png,revcontent,http://worldstarhiphop.com/videos/
Odd Trick To Fix Sagging Skin Is Absolutely Genius,https://www.southbeachskinlab.com/presentation/v1g-a-3.php?c1=1825059&c2=243847&c3=urban+and+hip-hop+lifestyle&c4=10949&sxid=50567d8c04fa,https://revcontent-p0.s3.amazonaws.com/content/images/1490374869.png,revcontent,http://worldstarhiphop.com/videos/
Emma Watson is Pissed That We Have These Photos,http://detonate.com/30-awkward-child-stars-turned-insanely-hot/?utm_source=9ac&utm_medium=hb&utm_campaign=9ac_US_desktop_Child-Star-Transformations-You-Won%27t-Believe_12_59ai_20170131_hb_3341&utm_term=10949,https://revcontent-p0.s3.amazonaws.com/content/images/1490034522.jpg,revcontent,http://worldstarhiphop.com/videos/
Here's What New Dental Implants Should Cost in New York,http://dentalimplantsunited.com/?affid=1016&s1=10949&s2=1801865%7C239864%7Cworldstarhiphop.com,https://revcontent-p0.s3.amazonaws.com/content/images/1489682521.jpg,revcontent,http://worldstarhiphop.com/videos/
"Michael Jordan Has Pretty Much Given Up on His Son, Here's Why",http://trends.revcontent.com/click.php?d=Uir2QInuuLJE7eHfXqR90KykZChqOU5RuZu7O%2BBspQ5Q77Oo7sWXCfUZSK%2FukZfWPx0eaf5QYmFeqyBNA9AaryBBgm2Kw1fnYRId8mYsQcILLugA2SOMJj8gbqLz%2FfJKjG21zmvf9FdGJw%2B%2BX2KCYtv%2FMMr8wMDY6d9PBhq%2Fv%2Bzq%2BR1no3Gd7L6NgbdxkYfSppLrJ2Uhfoa2pSeKiPF3Oihl9uF2sq6xjaLhoXdZuvakk8BxG7%2FHCzZw4%2FSRSaeC%2Byr%2F9Zy%2BHQlC1qT2suGfYOcA6%2F0V2x%2FjdnYaJf6Scmb2Xe6ExtI2TpqkN%2Fpt4usDDTq1hhZDK%2FW4kDYQoJ91G62eU0MMcMs4mvL8lJ1Xn4hEaP9apmRzmlSCJWVXafhFM4HhTjM9hjJt%2F7jSTsEiNKWBKwS74pLLbFIbXjFfBh0nxzaByf%2FGRuzwoBkr0sn0LPQpdAGpyuuP0kfuEVtb33LEZm4m1CUAu7kYd%2BVkOwymG6V12UUVb49Z67ZpFodMUmymoLiKYuwxb285YoW73VLgmlz6QWqg8zVge6wxPONVBiP4ZrijcvjFx5Q8Nj5ighRDwZb9AOR9HWYY4vRjvr87PLqz4D1Is9TTOTBsqxmKWPmLd6cAxlLebUQkYBm540bj0H5jpcMiY9lE3%2FIx2yQD%2FQ0XaPEOI3gZx27yjebmX%2FhVgbMDeU246sLaUnTQx1BlTlNk1GVnSEfo0QvIxeE90jaXgiQjmWS1cZJt0481wJTGlsSgcV1lqq4ffj4W,https://revcontent-p0.s3.amazonaws.com/content/images/1486415171.jpg,revcontent,http://worldstarhiphop.com/videos/
The NR Experiment - She Is Over 50 [Watch],http://thelongevitystudy.com/160902B.php?n=RC,https://revcontent-production.s3.amazonaws.com/content/images/1430249608.jpg,revcontent,http://worldstarhiphop.com/videos/
"Tiger Woods' Daughter Was a Cute Kid, But What She Looks Like Now is Insane",http://www.hyperactivz.com/celebs-kids-look-today?utm_source=revcontent&utm_medium=10949&utm_term=urban%20and%20hip-hop%20lifestyle&utm_content=1763042&utm_campaign=Kids%20V2%20T3%20-%20Desktop%20USA%20RC,https://revcontent-p0.s3.amazonaws.com/content/images/8ba708ade5500f4153e86226ac4d7237.png,revcontent,http://worldstarhiphop.com/videos/
Why Obama Never Talks About His Daughter Sasha Will Make You Shiver,http://www.pollhype.com/obama-sister-facts/?utm_source=revcontent&utm_medium=urban%20and%20hip-hop%20lifestyle&utm_term=10949&utm_content=1685971&utm_campaign=PHObamaSisters0210&utm_content_id=1685971&utm_boost_id=222642&utm_targeting=urban%20and%20hip-hop%20lifestyle&utm_widget_id=10949,https://revcontent-p0.s3.amazonaws.com/content/images/1486740885.jpg,revcontent,http://worldstarhiphop.com/videos/
Can You Handle A Sugar Mom In New York?,http://quick-date.info/en/en_ptm_05b/?s=282765328,https://revcontent-p0.s3.amazonaws.com/content/images/1490175865.jpg,revcontent,http://worldstarhiphop.com/videos/
33 Haunting Selfies Captured Seconds Before Death,http://trends.revcontent.com/click.php?d=QRzBL9wX%2B%2BLaOFSM3DfZdWPqt%2Bgi9u0Byz4%2FHTT7k0HMTZXSsh7C%2Fgrv%2FMxRpkr5M%2FMC9dmAvgOWF48KBEnM4FNkUP%2BmX8ussVTzZQzX7rBRTmQuOfkpAmJ%2FUPPNbvVKvGpA91r%2FfyVMoD%2FMbj8nYFDgJ3TYG9jt4zSjUYrHGB7GJ3RTPPMG0Mha2GT4s68HxSX7dqMEMI8w%2F9jHQ2Vh%2BInXrTb%2BDfOIOfjIvb7%2F4Th3SQacpYlfULvvMSkOQeWLlkjCTbyRCpi3qwtncQQMKYOGhF%2Flqx3F85JYZhL4R1M8MS%2BpPN9e%2FOz4ZCNTgGdU3IejPbhraiQQxtrKFE%2Bobj76rJJlO2UnFVNGWwR6QNks13yhgRTxeahXrRCLsgrFc9fuE7O2JxNoKW5ZEjv8g%2B3tOa36NqtlxOOgmr8CG%2FrxqDSzu7HpuQceClBu3tsdp8AUJ8wGg9B0sAY7Ri9tyLru2adl88Pha0wWLWrSHz7TYU148OdCmCrAb10B09qcUMPGg8Ik%2BalR7FZisCIWGUvU6I5Ad8XiT6GvWpeWMirZhMXf0%2Fs4%2FpQHlHNa1ZjL%2F7takUFpwkzrwI%2BzgFD%2FLyr6RrY6l3hlYg5u0Cyl7KnjJeZEMYmE0vQUxqys8wMbPq32eeYVUhvoYgk8zovZ%2BkAqZmTUodMiFD2HzHuuYYs%3D,https://revcontent-p0.s3.amazonaws.com/content/images/1488463609.jpg,revcontent,http://worldstarhiphop.com/videos/
50 Uniquely Bizarre Women You Won't Believe Exist,http://www.funnyjk.com/25-incredible-women/?utm_source=revcontent&utm_medium=urban%20and%20hip-hop%20lifestyle&utm_term=10949&utm_content=1665723&utm_campaign=JKIncredibleWomen0206&utm_content_id=1665723&utm_boost_id=219990&utm_targeting=urban%20and%20hip-hop%20lifestyle&utm_widget_id=10949,https://revcontent-p0.s3.amazonaws.com/content/images/1486415665.jpg,revcontent,http://worldstarhiphop.com/videos/
31 Stars You Forgot Were Transgender,http://trends.revcontent.com/click.php?d=L1M5xu73tIN89uCYfmnk80IQgXF2vcUSjcXlRrg1WxxlqQIgh9wnmngJxzXRVStIP6rcKEt0mDej9zwa8p1x6JoyeweKTbOSxKzgyYlTMgFTDOUleNBXG5Bza6smMiBifwRnw9eDxrdgyfERLKK35Wau3%2Fs7a1gvKVC8szy203vL%2BQaXfoIphnazHcozLpN9jZr74IGqyCDMPSfNkDKMJ2GUNqXjkXwpfYA1obIoXVZhwLZ2HEKL4GZOlOVrUXsx4nQjvOVPqtF0SkyLaSQ%2BhslHKhpu25ZoyfDRRExq8M7DC4XgJ1kgtwaqdlTVTEGlAHx5BKby%2Bo2o0CrXFvOKLh9nb0fVswxdvuYPcV6SFNSO%2F%2FoCeP0UubWfOJG4MG8tKBH6dXqGVJUtF6oAVStoDjqASiAduH0uE3GBsiNI9MbKR4mjXkJUQjOxUjsqiDk4PMZMNFVPSmJJMe3%2FPHLtIP1XLOo1mH24xjR%2FicqZC1wJmRmNErHeGMbJExEO8rPohXhIdeFZ%2FsRXRgq6%2BP1S3Jord4eY929mFZmqhkfwiCkTqsNsOQ%2BBuzsfD%2BGAVupd9MgtiLKou7UqXzSUIfgmj5%2FbFhxrgRwnV6wHa293kR%2BX671k6B8sO1h4gdTqomOZQx4Bef%2BuyV637ViREvQpWYP%2FS%2BUggIPdsUeZuVwljokLhEUbzQgRwY0RxmUp5TonOo6pVbhOPXkkArwY1QwqLw%3D%3D,https://revcontent-p0.s3.amazonaws.com/content/images/1476120923.jpg,revcontent,http://worldstarhiphop.com/videos/
"Brilliant ""Trick"" Melts Belly Fat Overnight (Do This Tonight)",http://creamskintips.com/us/belly-fat/?widget_id=33073&content_id=1819306&adv_targets=conservative+news,https://revcontent-p0.s3.amazonaws.com/content/images/1490233756.jpg,revcontent,http://www.infowars.com/
Shocking: Hidden Biblical Trick Melts Belly Fat Overnight (try This Tonight!),https://biblicalbellybreakthrough.com/lp-secret?vtid=tsdena4d&cbtb=22%3Fhop%3Dbillbox25&pg=a4d&cpa=44,https://revcontent-p0.s3.amazonaws.com/content/images/1490326167.jpg,revcontent,http://www.infowars.com/
"This Completely Erased Her Wrinkles In 2 Minutes, Recorded On Video! (Watch)",http://womenshealth-beauty.com/revad/free-wrinkle-trick/?voluumdata=BASE64dmlkLi4wMDAwMDAwNy0zYWQxLTQ4OTMtODAwMC0wMDAwMDAwMDAwMDBfX3ZwaWQuLmRkMGMxMDAwLTExODQtMTFlNy04ZGUxLTExMWM4Y2I3NGY2Yl9fY2FpZC4uMjZjYWNlYjAtMzdkMy00ZGQzLThmMzktYzI3YTUyNzRkYzZjX19ydC4uUl9fbGlkLi5kZDM1MjZiYi0wMDZkLTQ2MTYtYmE3NC01NjVhNTM4ODNmM2VfX29pZDEuLjQxYTA2N2Y5LWM3ZTUtNGEzYy1hMTRlLWZjYjE4MDA5OTZhY19fdmFyMS4uMzMwNzNfX3ZhcjIuLmNvbnNlcnZhdGl2ZSBuZXdzX192YXIzLi4xODA1ODExX192YXI0Li4yMjg1ODFfX3JkLi5fX2FpZC4uX19hYi4uX19zaWQuLg&c1=33073&c2=conservative%20news&c3=1805811&c4=228581,https://revcontent-p0.s3.amazonaws.com/content/images/1489776723.jpg,revcontent,http://www.infowars.com/
Do This Before Bed - You'll Never Need a Gym or Diet,http://creamskintips.com/us/belly-fat/?widget_id=33073&content_id=1787597&adv_targets=conservative+news,https://revcontent-p0.s3.amazonaws.com/content/images/1487568008.jpg,revcontent,http://www.infowars.com/
Hillary,https://www.infowars.com/video-young-americans-shocked-to-learn-of-hillarys-multiple-mansions/,https://revcontent-p0.s3.amazonaws.com/p0/assets/content_images/emb/b756b29a20e241f9413506d4ecec3b10-0.png,revcontent,http://www.infowars.com/
5 Foods That Kill Testosterone,https://www.bluestarnutraceuticals.com/offers/raiseyourstatus?utm_source=revcontent&utm_medium=paid&utm_term=33073&utm_content=conservative%20news&utm_campaign=170322-us-desk-kill-cnews,https://revcontent-p0.s3.amazonaws.com/content/images/1489184080.png,revcontent,http://www.infowars.com/
"Ever Googled Yourself? Do a ""Deep Search"" Instead!",https://www.truthfinder.com/?utm_source=KKCBAN&traffic[source]=KKCBAN&utm_medium=DISPLAY&traffic[medium]=DISPLAY&utm_campaign=glorteal&traffic[campaign]=1599080:glorteal&utm_term=211294&traffic[term]=211294&utm_content=conservative+news&traffic[content]=conservative+news&s1=glorteal&s2=1599080&s3=211294&s4=conservative+news&s5=33073&traffic[funnel]=tf&traffic[sub_id]=glorteal&traffic[s2]=1599080,https://revcontent-production.s3.amazonaws.com/content/images/1453420912.jpg,revcontent,http://www.infowars.com/
21 Disturbing Secrets The Obama's Tried To Hide While He Was President,http://loanpride.com/obama-family-divorce-attorney-quit-smoking-tips/?utm_source=revcontent&utm_medium=33073&utm_term=conservative%20news&utm_content=1770996&utm_campaign=234718&utm_widget_id=33073,https://revcontent-p0.s3.amazonaws.com/content/images/1485182691.jpg,revcontent,http://www.infowars.com/
Alex Jones Hosts Historic New Year's Eve Transmission,https://www.infowars.com/watch-alex-jones-show/,https://revcontent-p0.s3.amazonaws.com/p0/assets/content_images/emb/893d04b4fc3745c5bd84d35696a01d80-0.png,revcontent,http://www.infowars.com/
"Brilliant ""Trick"" Melts Belly Fat Overnight (Do This Tonight)",http://creamskintips.com/us/belly-fat/?widget_id=33073&content_id=1819306&adv_targets=conservative+news,https://revcontent-p0.s3.amazonaws.com/content/images/1490233756.jpg,revcontent,http://www.infowars.com/
Shocking: Hidden Biblical Trick Melts Belly Fat Overnight (try This Tonight!),https://biblicalbellybreakthrough.com/lp-secret?vtid=tsdena4d&cbtb=22%3Fhop%3Dbillbox27&pg=a4d&cpa=44,https://revcontent-p0.s3.amazonaws.com/content/images/1490326167.jpg,revcontent,http://www.infowars.com/
"This Completely Erased Her Wrinkles In 2 Minutes, Recorded On Video! (Watch)",http://womenshealth-beauty.com/revad/free-wrinkle-trick/?voluumdata=BASE64dmlkLi4wMDAwMDAwNy1jNGM4LTQ1MGItODAwMC0wMDAwMDAwMDAwMDBfX3ZwaWQuLmRkMGMxMDAwLTExODQtMTFlNy04NmFiLWYyY2Q1YzdiODg3NF9fY2FpZC4uMjZjYWNlYjAtMzdkMy00ZGQzLThmMzktYzI3YTUyNzRkYzZjX19ydC4uUl9fbGlkLi5kZDM1MjZiYi0wMDZkLTQ2MTYtYmE3NC01NjVhNTM4ODNmM2VfX29pZDEuLjQxYTA2N2Y5LWM3ZTUtNGEzYy1hMTRlLWZjYjE4MDA5OTZhY19fdmFyMS4uMzMwNzNfX3ZhcjIuLmNvbnNlcnZhdGl2ZSBuZXdzX192YXIzLi4xODA1ODExX192YXI0Li4yMjg1ODFfX3JkLi5fX2FpZC4uX19hYi4uX19zaWQuLg&c1=33073&c2=conservative%20news&c3=1805811&c4=228581,https://revcontent-p0.s3.amazonaws.com/content/images/1489776723.jpg,revcontent,http://www.infowars.com/
Do This Before Bed - You'll Never Need a Gym or Diet,http://creamskintips.com/us/belly-fat/?widget_id=33073&content_id=1787597&adv_targets=conservative+news,https://revcontent-p0.s3.amazonaws.com/content/images/1487568008.jpg,revcontent,http://www.infowars.com/
Hillary,https://www.infowars.com/video-young-americans-shocked-to-learn-of-hillarys-multiple-mansions/,https://revcontent-p0.s3.amazonaws.com/p0/assets/content_images/emb/b756b29a20e241f9413506d4ecec3b10-0.png,revcontent,http://www.infowars.com/
5 Foods That Kill Testosterone,https://www.bluestarnutraceuticals.com/offers/raiseyourstatus?utm_source=revcontent&utm_medium=paid&utm_term=33073&utm_content=conservative%20news&utm_campaign=170322-us-desk-kill-cnews,https://revcontent-p0.s3.amazonaws.com/content/images/1489184080.png,revcontent,http://www.infowars.com/
"Ever Googled Yourself? Do a ""Deep Search"" Instead!",https://www.truthfinder.com/?utm_source=KKCBAN&traffic[source]=KKCBAN&utm_medium=DISPLAY&traffic[medium]=DISPLAY&utm_campaign=glorteal&traffic[campaign]=1599080:glorteal&utm_term=211294&traffic[term]=211294&utm_content=conservative+news&traffic[content]=conservative+news&s1=glorteal&s2=1599080&s3=211294&s4=conservative+news&s5=33073&traffic[funnel]=tf&traffic[sub_id]=glorteal&traffic[s2]=1599080,https://revcontent-production.s3.amazonaws.com/content/images/1453420912.jpg,revcontent,http://www.infowars.com/
21 Disturbing Secrets The Obama's Tried To Hide While He Was President,http://loanpride.com/obama-family-divorce-attorney-quit-smoking-tips/?utm_source=revcontent&utm_medium=33073&utm_term=conservative%20news&utm_content=1770996&utm_campaign=234718&utm_widget_id=33073,https://revcontent-p0.s3.amazonaws.com/content/images/1485182691.jpg,revcontent,http://www.infowars.com/
Alex Jones Hosts Historic New Year's Eve Transmission,https://www.infowars.com/watch-alex-jones-show/,https://revcontent-p0.s3.amazonaws.com/p0/assets/content_images/emb/893d04b4fc3745c5bd84d35696a01d80-0.png,revcontent,http://www.infowars.com/
"Brilliant ""Trick"" Melts Belly Fat Overnight (Do This Tonight)",http://creamskintips.com/us/belly-fat/?widget_id=33073&content_id=1819306&adv_targets=conservative+news,https://revcontent-p0.s3.amazonaws.com/content/images/1490233756.jpg,revcontent,http://www.infowars.com/
Shocking: Hidden Biblical Trick Melts Belly Fat Overnight (try This Tonight!),https://biblicalbellybreakthrough.com/lp-secret?vtid=tsdena4d&cbtb=22%3Fhop%3Dbillbox61&pg=a4d&cpa=44,https://revcontent-p0.s3.amazonaws.com/content/images/1490326167.jpg,revcontent,http://www.infowars.com/
"This Completely Erased Her Wrinkles In 2 Minutes, Recorded On Video! (Watch)",http://womenshealth-beauty.com/revad/free-wrinkle-trick/?voluumdata=BASE64dmlkLi4wMDAwMDAwMS1lMzBmLTRiOGYtODAwMC0wMDAwMDAwMDAwMDBfX3ZwaWQuLmRkMGMxMDAwLTExODQtMTFlNy04NjFmLTJjYjlhNmE3NTg5Zl9fY2FpZC4uMjZjYWNlYjAtMzdkMy00ZGQzLThmMzktYzI3YTUyNzRkYzZjX19ydC4uUl9fbGlkLi5kZDM1MjZiYi0wMDZkLTQ2MTYtYmE3NC01NjVhNTM4ODNmM2VfX29pZDEuLjQxYTA2N2Y5LWM3ZTUtNGEzYy1hMTRlLWZjYjE4MDA5OTZhY19fdmFyMS4uMzMwNzNfX3ZhcjIuLmNvbnNlcnZhdGl2ZSBuZXdzX192YXIzLi4xODA1ODExX192YXI0Li4yMjg1ODFfX3JkLi5fX2FpZC4uX19hYi4uX19zaWQuLg&c1=33073&c2=conservative%20news&c3=1805811&c4=228581,https://revcontent-p0.s3.amazonaws.com/content/images/1489776723.jpg,revcontent,http://www.infowars.com/
Do This Before Bed - You'll Never Need a Gym or Diet,http://creamskintips.com/us/belly-fat/?widget_id=33073&content_id=1787597&adv_targets=conservative+news,https://revcontent-p0.s3.amazonaws.com/content/images/1487568008.jpg,revcontent,http://www.infowars.com/
Hillary,https://www.infowars.com/video-young-americans-shocked-to-learn-of-hillarys-multiple-mansions/,https://revcontent-p0.s3.amazonaws.com/p0/assets/content_images/emb/b756b29a20e241f9413506d4ecec3b10-0.png,revcontent,http://www.infowars.com/
5 Foods That Kill Testosterone,https://www.bluestarnutraceuticals.com/offers/raiseyourstatus?utm_source=revcontent&utm_medium=paid&utm_term=33073&utm_content=conservative%20news&utm_campaign=170322-us-desk-kill-cnews,https://revcontent-p0.s3.amazonaws.com/content/images/1489184080.png,revcontent,http://www.infowars.com/
"Ever Googled Yourself? Do a ""Deep Search"" Instead!",https://www.truthfinder.com/?utm_source=KKCBAN&traffic[source]=KKCBAN&utm_medium=DISPLAY&traffic[medium]=DISPLAY&utm_campaign=glorteal&traffic[campaign]=1599080:glorteal&utm_term=211294&traffic[term]=211294&utm_content=conservative+news&traffic[content]=conservative+news&s1=glorteal&s2=1599080&s3=211294&s4=conservative+news&s5=33073&traffic[funnel]=tf&traffic[sub_id]=glorteal&traffic[s2]=1599080,https://revcontent-production.s3.amazonaws.com/content/images/1453420912.jpg,revcontent,http://www.infowars.com/
21 Disturbing Secrets The Obama's Tried To Hide While He Was President,http://loanpride.com/obama-family-divorce-attorney-quit-smoking-tips/?utm_source=revcontent&utm_medium=33073&utm_term=conservative%20news&utm_content=1770996&utm_campaign=234718&utm_widget_id=33073,https://revcontent-p0.s3.amazonaws.com/content/images/1485182691.jpg,revcontent,http://www.infowars.com/
Alex Jones Hosts Historic New Year's Eve Transmission,https://www.infowars.com/watch-alex-jones-show/,https://revcontent-p0.s3.amazonaws.com/p0/assets/content_images/emb/893d04b4fc3745c5bd84d35696a01d80-0.png,revcontent,http://www.infowars.com/
20 People Run the World—and You Don't Know Most of Them,http://www3.forbes.com/business/the-worlds-most-powerful-people-2016/?utm_campaign=powerful-people-2016&utm_source=taboola&utm_medium=referral&utm_content=rt-rtcom&utm_term=20+People+Run+the+World%E2%80%94and+You+Don%27t+Know+Most+of+Them,http://www3.forbes.com/wp-content/uploads/2016/12/21-1.-Vladimir-Putin.jpg,taboola,http://www.rt.com
30 Car Cleaning Hacks Your Local Cleaners Don't Want You To Know [Photos],http://activly.com/10-cleaning-hacks-that-will-clean-your-car-better-and-faster-than-you-ever-have/?utm_source=taboola&utm_campaign=11cleancar15&utm_medium=referral&utm_content=30+Car+Cleaning+Hacks+Your+Local+Cleaners+Don%27t+Want+You+To+Know+%5BPhotos%5D+https%3A%2F%2Fprezna.com%2Fget%2FwNM-7049879552214551233.jpg&utm_term=rt-rtcom,https://prezna.com/get/wNM-7049879552214551233.jpg,taboola,http://www.rt.com
10 New-For-2017 Cars That Will Leave You Speechless,https://www.kbb.com?psid=99980&siomid=tab%7C%7C%7C%7C%7C%7C2100003916&RCMID=2100003916,http://cdn.taboola.com/static/cf/cfda620e-e3f6-42e4-a5be-06a83f1f716d.png,taboola,http://www.rt.com
20 People Run the World—and You Don't Know Most of Them,http://www3.forbes.com/business/the-worlds-most-powerful-people-2016/?utm_campaign=powerful-people-2016&utm_source=taboola&utm_medium=referral&utm_content=rt-rtcom&utm_term=20+People+Run+the+World%E2%80%94and+You+Don%27t+Know+Most+of+Them,http://www3.forbes.com/wp-content/uploads/2016/12/21-1.-Vladimir-Putin.jpg,taboola,http://www.rt.com
10 New-For-2017 Cars That Will Leave You Speechless,https://www.kbb.com?psid=99980&siomid=tab%7C%7C%7C%7C%7C%7C2100003916&RCMID=2100003916,http://cdn.taboola.com/static/cf/cfda620e-e3f6-42e4-a5be-06a83f1f716d.png,taboola,http://www.rt.com
Change Is Coming to Cable and Internet Pricing,http://www.globalconsumer.net/?id=YpP&aid=4&oid=788&sub=TA&state=all&ad=5&utm_source=taboola&utm_medium=referral&site=rt-rtcom,http://cdn.taboolasyndication.com/libtrc/static/thumbnails/84c8258c149b9b42c333f89e7a0fed00.jpg,taboola,http://www.rt.com
30 Car Cleaning Hacks Your Local Cleaners Don't Want You To Know [Photos],http://activly.com/10-cleaning-hacks-that-will-clean-your-car-better-and-faster-than-you-ever-have/?utm_source=taboola&utm_campaign=11cleancar15&utm_medium=referral&utm_content=30+Car+Cleaning+Hacks+Your+Local+Cleaners+Don%27t+Want+You+To+Know+%5BPhotos%5D+https%3A%2F%2Fprezna.com%2Fget%2FwNM-7049879552214551233.jpg&utm_term=rt-rtcom,https://prezna.com/get/wNM-7049879552214551233.jpg,taboola,http://www.rt.com
The Amazing Story Behind Your Last Name. It Will Shock You,http://www.ancestry.com/s65932/t32975/rd.ashx?utm_source=taboola&utm_term=rt-rtcom,http://cdn.taboolasyndication.com/libtrc/static/thumbnails/43a41ea8df17924eabcbb83f9e0ad54d.jpeg,taboola,http://www.rt.com
The ROI of Marketing Automation [E-Book],https://ad.doubleclick.net/ddm/clk/303340025;130544323;g?utm_source=taboola&utm_medium=referral,http://www2.pardot.com/l/1/2014-11-06/2y4qx3/1/169384/laptop_ROI_of_Automation_ebook_image.jpg,taboola,http://www.rt.com
25 Of The Most Restricted Places On Earth - Every Guy Wants To See Number 10,http://www.thebrofessional.net/25-travel-restricted-destinations-world/?utm_source=taboola&utm_medium=LAZ%5Fthebrofessional%2Enet%2DDesktop%2DUS%2DForbiddenD&&utm_term=rt-rtcom&utm_content=http%3A%2F%2Fcdn.taboolasyndication.com%2Flibtrc%2Fstatic%2Fthumbnails%2Fa1bc923faa0bdbe0b04816d7f05a7c83.jpg&utm_campaign=25+Of+The+Most+Restricted+Places+On+Earth+-+Every+Guy+Wants+To+See+Number+10,http://cdn.taboolasyndication.com/libtrc/static/thumbnails/a1bc923faa0bdbe0b04816d7f05a7c83.jpg,taboola,http://www.rt.com
Only 1 in 10 Americans Can Pass This U.s. History Quiz,http://offbeat.topix.com/quiz/16946?utm_source=taboola&utm_campaign=16946&tpx_term=6SGSRF0J49VNA5P8&cvar=t3:i-6r5-435IN99DH724UHUB&utm_medium=rt-rtcom&utm_medium=rt-rtcom,http://proxy.topixcdn.com/ipicimg/SN8SC94IAE5RF1QV-cp0x119x1000x952,taboola,http://www.rt.com
As Little as Pennies a Day – Gerber Life Whole Life Insurance,https://ad.doubleclick.net/ddm/clk/316686932;144982772;x?utm_source=taboola&utm_medium=referral,http://cdn.taboolasyndication.com/libtrc/static/thumbnails/6af4753a72d01e85aacb184be5dab428.png,taboola,http://www.rt.com
The Complete Guide to B2B Email Marketing,https://ad.doubleclick.net/ddm/clk/303337794;130540889;m?utm_source=taboola&utm_medium=referral,https://www.salesforce.com/content/dam/blogs/us/Feb2016/most%20productive%20salespeople.jpg,taboola,http://www.rt.com
Biggest Draft Bust of Every NFL Team Since 2000,http://nfl-players.pointafter.com/stories/12035/worst-draft-picks-every-nfl-team-since-2000?utm_source=taboola&utm_medium=content.rec&utm_campaign=ao.cr.tb.dt.10530,https://s2.graphiq.com/sites/default/files/625/media/images/_8057896.jpg,taboola,http://www.rt.com
45 Most Intense Archaeological Discoveries In Human History,http://activly.com/25-strange-archaeological-discoveries/?utm_source=taboola&utm_campaign=11bones11&utm_medium=referral&utm_content=45+Most+Intense+Archaeological+Discoveries+In+Human+History+https%3A%2F%2Fprezna.com%2Fget%2Fk9R-1839776031413635249.jpg&utm_term=rt-rtcom,https://prezna.com/get/k9R-1839776031413635249.jpg,taboola,http://www.rt.com
The Most Beautiful Woodstock 1969 Photos Ever Captured,http://lifestylogy.com/woodstock-1969-vintage-photos-you-never-saw/?utm_source=taboola&utm_campaign=tbwoodstock14O&utm_medium=taboola,http://cdn.taboolasyndication.com/libtrc/static/thumbnails/cbccc6633f761e290115ec1cd9e07e03.jpg,taboola,http://www.breitbart.com
These Two Horses Hadn’t Seen Each Other In Almost A Decade. The Moment They Reunited? Wow,http://scribol.com/a/environment/animals-environment/two-horses-reunited-beautiful/?utm_source=Taboola&utm_medium=CPC&utm_campaign=Two_Horses_Reunited_US_Desktop&utm_content=breitbartcom,http://15858-presscdn-0-65.pagely.netdna-cdn.com/wp-content/uploads/2016/12/horse_reunion_featured.png,taboola,http://www.breitbart.com
Secret Uses For VapoRub They Didn't Tell Us About,http://headcramp.com/vapo-rub/?as=2020010102919&utm_source=taboola&utm_medium=referral&utm_term=breitbartcom,http://ec2-54-89-159-211.compute-1.amazonaws.com/assets/img/vapo-rub-5-taboola.jpg,taboola,http://www.breitbart.com
"Mallory From ""Family Ties"" Was Stunning in the 80s... But What She Looks Like Today is Incredible",http://www.frankiesfacts.com/entertainment/cast-family-ties-now/?utm_campaign=Family%20Ties%20V4%20Safe%20-%20Desktop%20USA&utm_source=taboola&utm_medium=breitbartcom&utm_term=Mallory+From+%22Family+Ties%22+Was+Stunning+in+the+80s...+But+What+She+Looks+Like+Today+is+Incredible&utm_content=http%3A%2F%2Fcdn.taboolasyndication.com%2Flibtrc%2Fstatic%2Fthumbnails%2Fb56c2d65e604df49f03f50728321d583.png,http://cdn.taboolasyndication.com/libtrc/static/thumbnails/b56c2d65e604df49f03f50728321d583.png,taboola,http://www.breitbart.com
"Given No Chance To Live, His Girlfriend Did This",http://www.lifedaily.com/story/this-amazing-couple-prove-that-in-life-anything-is-possible/source/taboola/?utm_taboola_id=500376#utm_medium=referral&utm_source=taboola&utm_campaign=TB-US-AmazingCouple,http://cdn.taboolasyndication.com/libtrc/static/thumbnails/99eecf9bce597c3b7bbfa6ce97c8e9ee.jpg,taboola,http://www.breitbart.com
30 Car Cleaning Hacks From Industry Insiders,http://activly.com/10-cleaning-hacks-that-will-clean-your-car-better-and-faster-than-you-ever-have/?utm_source=taboola&utm_campaign=11CleanCarHacks7&utm_medium=referral&utm_content=30+Car+Cleaning+Hacks+From+Industry+Insiders+https%3A%2F%2Fprezna.com%2Fget%2Fzbm-7158709035919245833.jpg&utm_term=breitbartcom,https://prezna.com/get/zbm-7158709035919245833.jpg,taboola,http://www.breitbart.com
17 Years In the Basement. And This Was The Result [PHOTOS],http://www.hazymaze.com/car-enthusiast-builds-a-lambo-in-his-basement/?utm_source=taboola&utm_campaign=hm-tb-us-d-lambo10-exp&utm_medium=https%3A%2F%2Fprezna.com%2Fget%2FK8d-9190708323353019022.jpg&utm_content=17+Years+In+the+Basement.+And+This+Was+The+Result+%5BPHOTOS%5D&utm_term=breitbartcom,https://prezna.com/get/K8d-9190708323353019022.jpg,taboola,http://www.breitbart.com
Adorable Guilty Puppies Caught On Camera,http://adrzr.com/56e6?utm_source=taboola&utm_campaign=taboola_US_desktop_frank151-doggies3-us-d-taboola_24_56e6_20161025_dl_3796&utm_term=breitbartcom&utm_content=https%3A%2F%2Fconsole.brax-cdn.com%2Fcreatives%2Fc257b396-7bd6-476c-bac6-6ad061526256%2Fsad-dog_937c2e9e0e99fdc435f3daf01d318b10.600x500.png&utm_medium=breitbartcom,https://console.brax-cdn.com/creatives/c257b396-7bd6-476c-bac6-6ad061526256/sad-dog_937c2e9e0e99fdc435f3daf01d318b10.600x500.png,taboola,http://www.breitbart.com
Man Finds Stray Cat & She Refused To Let Him Go...,http://mozomotors.com/2017/03/14/man-finds-abandoned-cat-in-a-box-what-happens-next-will-amaze-you/?utm_source=taboola-s&utm_medium=breitbartcom&utm_campaign=20170315-catboxtaboolafc-us-desktop-taboolasafe-mozomotors&utm_content=Man+Finds+Stray+Cat+%26+She+Refused+To+Let+Him+Go..._https%3A%2F%2F11001100.s3.amazonaws.com%2FimgId-6_20170315124638786.png,https://11001100.s3.amazonaws.com/imgId-6_20170315124638786.png,taboola,http://www.breitbart.com
15 Most Dangerous Roads On The Planet,http://www.turnpager.com/15-most-dangerous-roads-in-the-world/?utm_source=breitbartcom&utm_medium=referralutm_campaign=taboola_roads,http://cdn.taboolasyndication.com/libtrc/static/thumbnails/9fa980a09e69ae9ae854dcc74b443811.jpg,taboola,http://www.breitbart.com
33 Hilarious Animal Photos That Are Sure To Make You Smile,http://www.liveoutdoors.com/recreation/231995-funny-animal-photos/?hop=1&utm_source=taboola&utm_medium=cpc&utm_campaign=lo-contentchoices#/slide/1,http://cdn3-www.liveoutdoors.com/assets/uploads/gallery/10-funny-animal-photos/magic4walls.jpg,taboola,http://www.breitbart.com
"25 Oldest Restaurant Chains in America, Which One is Over 100 Years Old?",http://viraltide.com/25-oldest-restaurant-chains-america/?utm_source=Taboola&utm_medium=cpc&utm_content=breitbartcom&utm_campaign=TB_OldRestaurants_Desktop&source=t&campaign=TB_OldRestaurants_Desktop&subid=breitbartcom&referrer=breitbartcom,https://console.brax-cdn.com/creatives/e8e06791-fae3-4f81-a55e-c8427cc63471/bigmac_99b6613576fcbd3a4bb1e5ca61b5d7a4.600x500.png,taboola,http://www.breitbart.com
15 Mom Outfits That Need To Stop Now,http://www.parentsociety.com/most-viral/15-looks-moms-definitely-cant-wear?utm_source=taboola&utm_medium=cpc&utm_campaign=momscantwear&utm_term=breitbartcom,http://media.parentsociety.com/wp-content/uploads/2015/09/16140527/trends-moms-shouldnt-wear_denim.jpg,taboola,http://www.breitbart.com
10 Most Beautiful Women In The World,http://www.buzzaura.com/10-most-beautiful-women-in-the-world?utm_source=breitbartcom&utm_medium=taboola,https://console.brax-cdn.com/creatives/bf5988c1-ab04-49fd-a83e-a8afde252baa/4_11ccc566624083e90925c492daf2b78a.jpg,taboola,http://www.breitbart.com
22 Creepiest Abandoned Places Around The World – Best Amazing Photos,http://bestamazingphotos.com/22-creepiest-abandoned-places-around-the-world/?utm_source=taboola&utm_medium=breitbartcom,http://cdn.taboolasyndication.com/libtrc/static/thumbnails/9c79cd28fa9e17092b8f6d4e662d3b11.jpg,taboola,http://www.breitbart.com
Cameraman Had No Clue What Was About To Happen,http://www.thebrofessional.net/perfectly-timed-photos-to-blow-your-mind/?utm_source=taboola&utm_medium=LAZ%5Fthebrofessional%2Enet%2DDesktop%2DUS%2DSportsLongC&&utm_term=breitbartcom&utm_content=http%3A%2F%2Fcdn.taboolasyndication.com%2Flibtrc%2Fstatic%2Fthumbnails%2Fea52e9f6dec855c4b04dcf086a8d1b33.jpg&utm_campaign=Cameraman+Had+No+Clue+What+Was+About+To+Happen,http://cdn.taboolasyndication.com/libtrc/static/thumbnails/ea52e9f6dec855c4b04dcf086a8d1b33.jpg,taboola,http://www.breitbart.com
Old Abandoned Camera Found Shows Never Before Seen Photos From The War,http://www.historyfanatic.com/slideshows/these-abandoned-military-sites-will-leave-you-speechless/?utm_content=10&utm_source=taboola&utm_medium=taboola-abandoned-military-sites&utm_term=breitbartcom,http://cdn.taboolasyndication.com/libtrc/static/thumbnails/411aeb226ec3bad7060b8f58b7376c30.png,taboola,http://www.breitbart.com
Lion Captures A Baby Baboon But Does The Last Thing You’d Expect,http://cyber-breeze.com/happens-lion-finds-baby-baboon-not-youd-expect/?utm_adid=346570&utm_source=Taboola&utm_medium=referral&utm_campaign=Tab-Lion-Baboon&utm_term=breitbartcom,https://console.brax-cdn.com/creatives/6282be55-35e8-41d2-9dcf-2d7c2b0eddd1/chrome_5_01_2017_11_05_56_p_m_390bf5fda60aadfabe2a19ca6aa542ad.600x500.png,taboola,http://www.breitbart.com
What She Did With An Old Cooler Is Genius,http://headcramp.com/diy-project-cooler/?as=2020010103241&utm_source=taboola&utm_medium=referral&utm_term=breitbartcom,https://boredomfiles.com/wp-content/uploads/sites/3/2016/04/cooler-diy-project11.png,taboola,http://www.breitbart.com
21+ Secrets About Air Force One That Only The President Knows.,http://www.worldlifestyle.com/trending/25-things-you-didnt-know-about-air-force-one?utm_source=Taboola&utm_medium=cpc&utm_campaign=TBLA_WL_JF_AIRFORCE_US_DT&utm_content=http%3A%2F%2Fcdn.taboolasyndication.com%2Flibtrc%2Fstatic%2Fthumbnails%2Fed090dd863d33ee0b275c5b6f2ee235b.png&utm_term=breitbartcom&utm_taboola_id=502089,http://cdn.taboolasyndication.com/libtrc/static/thumbnails/ed090dd863d33ee0b275c5b6f2ee235b.png,taboola,http://www.breitbart.com
2017 Trucks: The 12 Most Anticipated Trucks,http://rmautobuzz.com/10-best-trucks-coming-2017/?utm_source=Taboola&utm_medium=CPC&utm_campaign=Auto%20-%20Taboola%20-%20CPC%20-%20Best%20Truck%202017%20-%20deskusa,http://rmautobuzz.com/wp-content/gallery/10-best-trucks-coming-in-2017/2017-slide-8.jpg,taboola,http://www.breitbart.com
25 Most Restricted Places On Earth - Number 23 Is The Thing Of Nightmares,http://www.thebrofessional.net/25-travel-restricted-destinations-world/?utm_source=taboola&utm_medium=LAZ%5Fthebrofessional%2Enet%2DDesktop%2DUS%2DForbiddenH&&utm_term=breitbartcom&utm_content=http%3A%2F%2Fcdn.taboolasyndication.com%2Flibtrc%2Fstatic%2Fthumbnails%2Fcc0e5316fb0f5a5bed4d122f21cfbf8c.jpg&utm_campaign=25+Most+Restricted+Places+On+Earth+-+Number+23+Is+The+Thing+Of+Nightmares,http://cdn.taboolasyndication.com/libtrc/static/thumbnails/cc0e5316fb0f5a5bed4d122f21cfbf8c.jpg,taboola,http://www.breitbart.com
The Most Beautiful Woodstock 1969 Photos Ever Captured,http://lifestylogy.com/woodstock-1969-vintage-photos-you-never-saw/?utm_source=taboola&utm_campaign=tbwoodstock14O&utm_medium=taboola,http://cdn.taboolasyndication.com/libtrc/static/thumbnails/cbccc6633f761e290115ec1cd9e07e03.jpg,taboola,http://www.breitbart.com
30 Car Cleaning Hacks From Industry Insiders,http://activly.com/10-cleaning-hacks-that-will-clean-your-car-better-and-faster-than-you-ever-have/?utm_source=taboola&utm_campaign=11CleanCarHacks7&utm_medium=referral&utm_content=30+Car+Cleaning+Hacks+From+Industry+Insiders+https%3A%2F%2Fprezna.com%2Fget%2Fzbm-7158709035919245833.jpg&utm_term=breitbartcom,https://prezna.com/get/zbm-7158709035919245833.jpg,taboola,http://www.breitbart.com
Secret Uses For VapoRub They Didn't Tell Us About,http://headcramp.com/vapo-rub/?as=2020010102919&utm_source=taboola&utm_medium=referral&utm_term=breitbartcom,http://ec2-54-89-159-211.compute-1.amazonaws.com/assets/img/vapo-rub-5-taboola.jpg,taboola,http://www.breitbart.com
These Two Horses Hadn’t Seen Each Other In Almost A Decade. The Moment They Reunited? Wow,http://scribol.com/a/environment/animals-environment/two-horses-reunited-beautiful/?utm_source=Taboola&utm_medium=CPC&utm_campaign=Two_Horses_Reunited_US_Desktop&utm_content=breitbartcom,http://15858-presscdn-0-65.pagely.netdna-cdn.com/wp-content/uploads/2016/12/horse_reunion_featured.png,taboola,http://www.breitbart.com
Only 1 in 49 People Can Name These 1970s Sitcoms From A Picture,http://stars.topix.com/quiz/17950?utm_source=taboola&utm_campaign=17950&tpx_term=2HQF3LUJFP172FL7&cvar=t3:i-6r5-I0EUJNLO9A4CMJAK&utm_medium=breitbartcom,http://proxy.topixcdn.com/ipicimg/P07S80CFH1OK4S8H-cp50x61x691x596,taboola,http://www.breitbart.com
"Given No Chance To Live, His Girlfriend Did This",http://www.lifedaily.com/story/this-amazing-couple-prove-that-in-life-anything-is-possible/source/taboola/?utm_taboola_id=500376#utm_medium=referral&utm_source=taboola&utm_campaign=TB-US-AmazingCouple,http://cdn.taboolasyndication.com/libtrc/static/thumbnails/99eecf9bce597c3b7bbfa6ce97c8e9ee.jpg,taboola,http://www.breitbart.com
8 Embarrassing Questions to Ask Your Doctor,http://www.lifescript.com/health/centers/depression/articles/8_things_you_dont_tell_your_doc_but_should.aspx?utm_source=taboola&utm_medium=cpc&utm_campaign=depression,http://cdn.taboolasyndication.com/libtrc/static/thumbnails/371aa3b719bfdfe67e053ad5c06f465c.jpg,taboola,http://www.breitbart.com
17 Years In the Basement. And This Was The Result [PHOTOS],http://www.hazymaze.com/car-enthusiast-builds-a-lambo-in-his-basement/?utm_source=taboola&utm_campaign=hm-tb-us-d-lambo10-exp&utm_medium=https%3A%2F%2Fprezna.com%2Fget%2FK8d-9190708323353019022.jpg&utm_content=17+Years+In+the+Basement.+And+This+Was+The+Result+%5BPHOTOS%5D&utm_term=breitbartcom,https://prezna.com/get/K8d-9190708323353019022.jpg,taboola,http://www.breitbart.com
Hilariously Guilty Dogs React to Getting In Trouble,http://adrzr.com/577d?utm_source=taboola&utm_campaign=taboola_US_desktop_frank151-doggies-us-d-taboola2_24_577d_20161114_dl_4001&utm_term=breitbartcom&utm_content=https%3A%2F%2Fconsole.brax-cdn.com%2Fcreatives%2Fc257b396-7bd6-476c-bac6-6ad061526256%2FDog_photobomb_is_best_photobomb_plugging_my_shitty_twitter_https_twittercom_kekpostsmemes_fc3776_6143329_9da42c1d32b82a3b5d8df853460f29b5.600x500.png&utm_medium=breitbartcom,https://console.brax-cdn.com/creatives/c257b396-7bd6-476c-bac6-6ad061526256/Dog_photobomb_is_best_photobomb_plugging_my_shitty_twitter_https_twittercom_kekpostsmemes_fc3776_6143329_9da42c1d32b82a3b5d8df853460f29b5.600x500.png,taboola,http://www.breitbart.com
Man Finds Stray Cat & She Refused To Let Him Go...,http://mozomotors.com/2017/03/14/man-finds-abandoned-cat-in-a-box-what-happens-next-will-amaze-you/?utm_source=taboola-s&utm_medium=breitbartcom&utm_campaign=20170315-catboxtaboolafc-us-desktop-taboolasafe-mozomotors&utm_content=Man+Finds+Stray+Cat+%26+She+Refused+To+Let+Him+Go..._https%3A%2F%2F11001100.s3.amazonaws.com%2FimgId-6_20170315124638786.png,https://11001100.s3.amazonaws.com/imgId-6_20170315124638786.png,taboola,http://www.breitbart.com
15 Most Dangerous Roads On The Planet,http://www.turnpager.com/15-most-dangerous-roads-in-the-world/?utm_source=breitbartcom&utm_medium=referralutm_campaign=taboola_roads,http://cdn.taboolasyndication.com/libtrc/static/thumbnails/9fa980a09e69ae9ae854dcc74b443811.jpg,taboola,http://www.breitbart.com
"25 Oldest Restaurant Chains in America, Which One is Over 100 Years Old?",http://viraltide.com/25-oldest-restaurant-chains-america/?utm_source=Taboola&utm_medium=cpc&utm_content=breitbartcom&utm_campaign=TB_OldRestaurants_Desktop&source=t&campaign=TB_OldRestaurants_Desktop&subid=breitbartcom&referrer=breitbartcom,https://console.brax-cdn.com/creatives/e8e06791-fae3-4f81-a55e-c8427cc63471/bigmac_99b6613576fcbd3a4bb1e5ca61b5d7a4.600x500.png,taboola,http://www.breitbart.com
15 Mom Outfits That Need To Stop Now,http://www.parentsociety.com/most-viral/15-looks-moms-definitely-cant-wear?utm_source=taboola&utm_medium=cpc&utm_campaign=momscantwear&utm_term=breitbartcom,http://media.parentsociety.com/wp-content/uploads/2015/09/16140527/trends-moms-shouldnt-wear_denim.jpg,taboola,http://www.breitbart.com
These 21 Abandoned Military Bases Left Us Speechless,http://www.historyfanatic.com/slideshows/these-abandoned-military-sites-will-leave-you-speechless/?utm_content=2df5ed&utm_source=taboola&utm_medium=taboola-abandoned-military-sites&utm_term=breitbartcom,https://console.brax-cdn.com/creatives/04314b8b-704b-4738-b77e-3018b3d3625e/abandoned-base-island_d06b79a7dfba4c9c8e58c4df9f8a8553_d06b79a7dfba4c9c8e58c4df9f8a8553.jpg,taboola,http://www.breitbart.com
10 Most Beautiful Women In The World,http://www.buzzaura.com/10-most-beautiful-women-in-the-world?utm_source=breitbartcom&utm_medium=taboola,https://console.brax-cdn.com/creatives/bf5988c1-ab04-49fd-a83e-a8afde252baa/4_11ccc566624083e90925c492daf2b78a.jpg,taboola,http://www.breitbart.com
Top 5 Items To Travel With For a Girl Boss,https://lifeshelives.com/top-5-travel-essentials/?utm_source=taboola&utm_medium=referral&utm_term=breitbartcom&utm_content=http%3A%2F%2Fi64.tinypic.com%2F290soyh.png&&utm_campaign=Top+5+Items+To+Travel+With+For+a+Girl+Boss,http://i64.tinypic.com/290soyh.png,taboola,http://www.breitbart.com
One Countries McDonald's Has Spaghetti. Here's Why,http://mozotravel.com/2016/11/21/these-mcdonalds-menus-from-around-the-world-are-incredible/?utm_source=taboola&utm_medium=breitbartcom&utm_campaign=20170315-mcdonald%27smenusfromaroundtheworldkj-us-desktop-taboola-mozotravel&utm_content=One+Countries+McDonald%27s+Has+Spaghetti.+Here%27s+Why_https%3A%2F%2F11001100.s3.amazonaws.com%2FimgId-10_20170315143252415.png,https://11001100.s3.amazonaws.com/imgId-10_20170315143252415.png,taboola,http://www.breitbart.com
Jo Polniaczek Was Stunning In The Past.  What She Looks Like Today Is Incredible,http://smartied.com/graduation/80s-super-stars-look-like-today-will-leave-speechless?utm_campaign=Jo%20Pozniak%20SAFE%20MSN%20-%20Desktop%20USA&utm_source=taboola&utm_medium=breitbartcom&utm_term=Jo+Polniaczek+Was+Stunning+In+The+Past.++What+She+Looks+Like+Today+Is+Incredible&utm_content=https%3A%2F%2Frevcontent-p0.s3.amazonaws.com%2Fcontent%2Fimages%2F2f34722f92c695ae562ab88a1864d2ba.jpg,https://revcontent-p0.s3.amazonaws.com/content/images/2f34722f92c695ae562ab88a1864d2ba.jpg,taboola,http://www.breitbart.com
What She Did With An Old Cooler Is Genius,http://headcramp.com/diy-project-cooler/?as=2020010103241&utm_source=taboola&utm_medium=referral&utm_term=breitbartcom,https://boredomfiles.com/wp-content/uploads/sites/3/2016/04/cooler-diy-project11.png,taboola,http://www.breitbart.com
21+ Secrets About Air Force One That Only The President Knows.,http://www.worldlifestyle.com/trending/25-things-you-didnt-know-about-air-force-one?utm_source=Taboola&utm_medium=cpc&utm_campaign=TBLA_WL_JF_AIRFORCE_US_DT&utm_content=http%3A%2F%2Fcdn.taboolasyndication.com%2Flibtrc%2Fstatic%2Fthumbnails%2Fed090dd863d33ee0b275c5b6f2ee235b.png&utm_term=breitbartcom&utm_taboola_id=502089,http://cdn.taboolasyndication.com/libtrc/static/thumbnails/ed090dd863d33ee0b275c5b6f2ee235b.png,taboola,http://www.breitbart.com
2017 Trucks: The 12 Most Anticipated Trucks,http://rmautobuzz.com/10-best-trucks-coming-2017/?utm_source=Taboola&utm_medium=CPC&utm_campaign=Auto%20-%20Taboola%20-%20CPC%20-%20Best%20Truck%202017%20-%20deskusa,http://rmautobuzz.com/wp-content/gallery/10-best-trucks-coming-in-2017/2017-slide-8.jpg,taboola,http://www.breitbart.com
These U.S Civil War Images Were Some of the Earliest Photos Ever Taken,http://blitzlift.com/rare-civil-war-photos/?v=t7m-8&utm_source=taboola&utm_medium=breitbartcom&utm_term=These+U.S+Civil+War+Images+Were+Some+of+the+Earliest+Photos+Ever+Taken&utm_campaign=t7m,http://cdn.taboolasyndication.com/libtrc/static/thumbnails/ba29fe1274c88c1a914d12a994ed9c5f.jpg,taboola,http://www.breitbart.com
Shocking: Hidden Biblical Trick Melts Belly Fat Overnight (Try This Tonight!),http://realsocialonly.com/socred.html?voluumdata=BASE64dmlkLi4wMDAwMDAwOS05NjMwLTQ2Y2EtODAwMC0wMDAwMDAwMDAwMDBfX3ZwaWQuLmRkMGMxMDAwLTExODQtMTFlNy04ZTAwLWY2YTAzMjRhMmYxZV9fY2FpZC4uYjQwNDc0NDUtODU3MS00MDliLWEwOWMtNDZlNmExYzFlOGNlX19ydC4uUl9fbGlkLi44YjI3OThhYi04NGNkLTQ5ZmUtOTlhMi1mYmE1YjE4NjgzYzZfX29pZDEuLmEyMWQ1MmNhLTg2MzUtNDNhZC1hZjI3LTBhOWRiMDc4OGRhYV9fdmFyMS4ucDNzMV9fdmFyMi4uMTc3NDgzNF9fdmFyMy4uMjM1MjEwX192YXI0Li5lZGl0b3JpYWwgbmV3c19fdmFyNS4uMTI0MDJfX3JkLi5fX2FpZC4uX19hYi4uX19zaWQuLg&ad=p3s1&utm_content_id=1774834&utm_content_id=1774834&utm_boost_id=235210&utm_boost_id=235210&utm_targeting=editorial%20news&utm_targeting=editorial%20news&utm_widget_id=12402&utm_widget_id=12402,https://revcontent-p0.s3.amazonaws.com/content/images/1489025414.jpg,revcontent,http://www.ibtimes.com/
20 Celebrities You Would Never Guess Are Actually Black,http://pophitz.com/celebrities-you-would-never-guess-are-actually-black/?utm_source=clickbooth-brand&utm_medium=desktop&utm_term=12402&utm_content=ibtimes.com,https://revcontent-p0.s3.amazonaws.com/content/images/1485246211.jpg,revcontent,http://www.ibtimes.com/
14 Times Lotto Winner:Do This Every Time You Buy A Lotto Ticket (Win 1/12 Times),http://moneynewstips.com/indexc7b76.html?voluumdata=BASE64dmlkLi4wMDAwMDAwNS0yMmIxLTQ1ZTYtODAwMC0wMDAwMDAwMDAwMDBfX3ZwaWQuLmRkMGMxMDAwLTExODQtMTFlNy04YmVkLTJhMTJiM2M1YmY5MV9fY2FpZC4uMzUxY2VhMmUtZWFmNS00MzY4LWI0NTAtYzI1MmQ3MTg0ZGQ2X19ydC4uUl9fbGlkLi4zYjRiMmNiNC0wOGQ2LTQzMTItOTA4Yi1kYTcwYjA4ZjI0NjJfX29pZDEuLmNiMzViN2NlLTE5Y2YtNGQ2Yi1hMDQ4LTY1ZDhkM2NmYTMwOF9fdmFyMS4uZWRpdG9yaWFsIG5ld3NfX3ZhcjMuLjE3OTc5MDdfX3ZhcjQuLjE4ODA4MV9fdmFyNS4uMTI0MDJfX3JkLi5fX2FpZC4uX19hYi4uX19zaWQuLg&utm_content_id=1797907&utm_boost_id=188081&utm_targeting=editorial%20news&utm_widget_id=12402,https://revcontent-p0.s3.amazonaws.com/content/images/1487698709.jpg,revcontent,http://www.ibtimes.com/
Laurence Fishburne Doesn't Talk About His Daughter. Here's Why,http://www.reinventingaging.org/entertainment/the-trials-and-tribulations-of-celeb-kids/?utm_source=12402&utm_medium=editorial%20news&utm_campaign=Revcontent%20-%20jbrisbane5%20-%20Celebrity%20Kids%20-%20DT,https://revcontent-p0.s3.amazonaws.com/content/images/9992d9964a1bf65700b1d5d73e3eb605.png,revcontent,http://www.ibtimes.com/
How This App Can Teach You Spanish in Just 3 Weeks,https://www.babbel.com/en/magazine/how-our-app-teaches-you-spanish-in-3-weeks?bsc=engmag-a189-cunystudy-cd-usa-rc&btp=1_usa_rev_cd&utm_campaign=cd_usaall_gen_cus_cunystudy&utm_content=ibtimes.com&utm_medium=CON&utm_source=revcontent&utm_term=12402,https://revcontent-p0.s3.amazonaws.com/content/images/1487103974.jpg,revcontent,http://www.ibtimes.com/
"3 Common Foods Surgeons Are Calling ""Death Foods""",http://3harmfulfoods.com/video_161017.php?rc=1,https://revcontent-p0.s3.amazonaws.com/content/images/1478726970.jpg,revcontent,http://www.ibtimes.com/
New Rule In New York New York,http://betterfinances.co/landers/auto-insurance/rc/altft/index-ncnov.php?region=New%20York&voluumdata=BASE64dmlkLi4wMDAwMDAwMi02MzAzLTRhNDMtODAwMC0wMDAwMDAwMDAwMDBfX3ZwaWQuLmRkMGMxMDAwLTExODQtMTFlNy04NGZmLTgyYzkyMTU3MDAwNF9fY2FpZC4uMzYyZTFkYzQtMjVmMC00Yzc2LTkyNzctZjg5NWVlNjQzNzJhX19ydC4uUl9fbGlkLi40NzUwNTViYy0zN2RkLTQ4YWEtYmM0Yi0wMDM3ODg5YzAxOGNfX29pZDEuLjI3ZjVlNTVlLWYwYzItNDllZC1hOTI2LTNhZDBmNzRlNWYzNl9fdmFyMS4uMjczODgwX192YXIyLi4zODA5N19fdmFyMy4uZWRpdG9yaWFsIG5ld3NfX3ZhcjQuLjEyNDAyX19yZC4uX19haWQuLl9fYWIuLl9fc2lkLi4&content_id=273880&boost_id=38097&adv_targets=editorial%20news&widget_id=12402,https://revcontent-production.s3.amazonaws.com/content/images/1435786104.jpg,revcontent,http://www.ibtimes.com/
Why Doctors In The Know No Longer Prescribe Blood Pressure Drugs,http://vibranthealthnetwork.com/general-health/the-end-of-bp-drugs-v5?voluumdata=BASE64dmlkLi4wMDAwMDAwMS1iYTI5LTRlODQtODAwMC0wMDAwMDAwMDAwMDBfX3ZwaWQuLmRkMGMxMDAwLTExODQtMTFlNy04MzA5LTE3MjM0ZTdiMDg3MV9fY2FpZC4uNjU2MGZhNjMtZDhkZC00NWZjLTk4MTUtNmU4ZDAyMjZmYjRjX19ydC4uUl9fbGlkLi5lMTI3MGEwMy02OTMzLTRlYTUtODcwOC1iN2UxMWVlY2I1YTZfX29pZDEuLmUzOTY2N2JmLTc3NjYtNGU1My04M2IxLWVkZTc3N2JmYTQyMV9fdmFyMS4ucmV2Y29udGVudF9fdmFyMi4ucmV2Y29udGVudF9fdmFyMy4uMTc2ODQ5OF9fdmFyNC4uMTI0MDJfX3ZhcjUuLjU2Nl9fdmFyNi4uMjM0MzEyX19yZC4uX19haWQuLl9fYWIuLl9fc2lkLi4&tid=revcontent&cid=revcontent&CONTENT_ID=1768498&WIDGET_ID=12402&ACC_ID=566&BOOST_ID=234312,https://revcontent-p0.s3.amazonaws.com/content/images/1488903502.jpg,revcontent,http://www.ibtimes.com/
Biblical Solution to Weight Loss? (Try It Tonight),http://lifeadvancements.com/lp/shepherd/rv/?&utm_content_id=1820725&utm_boost_id=243058&utm_targeting=editorial%20news&utm_widget_id=12402&src=243058&pment=editorial%20news&id=1820725&widget=12402,https://revcontent-p0.s3.amazonaws.com/content/images/1485984528.jpg,revcontent,http://www.ibtimes.com/
14 Times Lotto Winner:Do This Every Time You Buy A Lotto Ticket (Win 1/12 Times),http://moneynewstips.com/indexc7b76.html?voluumdata=BASE64dmlkLi4wMDAwMDAwMi1lYWUyLTQzYmQtODAwMC0wMDAwMDAwMDAwMDBfX3ZwaWQuLmRkMGMxMDAwLTExODQtMTFlNy04MDE3LWQ3Njg3MmMyMTY5M19fY2FpZC4uMzUxY2VhMmUtZWFmNS00MzY4LWI0NTAtYzI1MmQ3MTg0ZGQ2X19ydC4uUl9fbGlkLi4zYjRiMmNiNC0wOGQ2LTQzMTItOTA4Yi1kYTcwYjA4ZjI0NjJfX29pZDEuLmZkMGRkZDg0LTYyMmMtNDRhMy1iMzZjLTI5MDJhMjc2MjA5MV9fdmFyMS4uZWRpdG9yaWFsIG5ld3NfX3ZhcjMuLjE3OTc5MDdfX3ZhcjQuLjE4ODA4MV9fdmFyNS4uMTI0MDJfX3JkLi5fX2FpZC4uX19hYi4uX19zaWQuLg&utm_content_id=1797907&utm_boost_id=188081&utm_targeting=editorial%20news&utm_widget_id=12402,https://revcontent-p0.s3.amazonaws.com/content/images/1487698709.jpg,revcontent,http://www.ibtimes.com/
Laurence Fishburne Doesn't Talk About His Daughter. Here's Why,http://www.reinventingaging.org/entertainment/the-trials-and-tribulations-of-celeb-kids/?utm_source=12402&utm_medium=editorial%20news&utm_campaign=Revcontent%20-%20jbrisbane5%20-%20Celebrity%20Kids%20-%20DT,https://revcontent-p0.s3.amazonaws.com/content/images/9992d9964a1bf65700b1d5d73e3eb605.png,revcontent,http://www.ibtimes.com/
Rare Bruce Lee Facts That Never Made the News ,http://detonate.com/rare-photos-of-bruce-lee-that-are-absolutely-phenomenal/?utm_source=9ac-2&utm_campaign=9ac-2_US_desktop_BruceLee3-_12_5b7b_20170323_nb_4739&utm_term=12402&utm_medium=cpc,https://revcontent-p0.s3.amazonaws.com/content/images/1490304174.jpg,revcontent,http://www.ibtimes.com/
How This App Can Teach You Spanish in Just 3 Weeks,https://www.babbel.com/en/magazine/how-our-app-teaches-you-spanish-in-3-weeks?bsc=engmag-a189-cunystudy-cd-usa-rc&btp=1_usa_rev_cd&utm_campaign=cd_usaall_gen_cus_cunystudy&utm_content=ibtimes.com&utm_medium=CON&utm_source=revcontent&utm_term=12402,https://revcontent-p0.s3.amazonaws.com/content/images/1487103974.jpg,revcontent,http://www.ibtimes.com/
New Rule In New York New York,http://betterfinances.co/landers/auto-insurance/rc/altft/index-ncnov.php?region=New%20York&voluumdata=BASE64dmlkLi4wMDAwMDAwNi00MjMzLTQ2NTMtODAwMC0wMDAwMDAwMDAwMDBfX3ZwaWQuLmRkMGMxMDAwLTExODQtMTFlNy04ZjNhLWViYzU2MDNmZjFhNl9fY2FpZC4uMzYyZTFkYzQtMjVmMC00Yzc2LTkyNzctZjg5NWVlNjQzNzJhX19ydC4uUl9fbGlkLi40NzUwNTViYy0zN2RkLTQ4YWEtYmM0Yi0wMDM3ODg5YzAxOGNfX29pZDEuLjI3ZjVlNTVlLWYwYzItNDllZC1hOTI2LTNhZDBmNzRlNWYzNl9fdmFyMS4uMjczODgwX192YXIyLi4zODA5N19fdmFyMy4uZWRpdG9yaWFsIG5ld3NfX3ZhcjQuLjEyNDAyX19yZC4uX19haWQuLl9fYWIuLl9fc2lkLi4&content_id=273880&boost_id=38097&adv_targets=editorial%20news&widget_id=12402,https://revcontent-production.s3.amazonaws.com/content/images/1435786104.jpg,revcontent,http://www.ibtimes.com/
"3 Common Foods Surgeons Are Calling ""Death Foods""",http://3harmfulfoods.com/video_161017.php?rc=1,https://revcontent-p0.s3.amazonaws.com/content/images/1478726970.jpg,revcontent,http://www.ibtimes.com/
Why Doctors In The Know No Longer Prescribe Blood Pressure Meds,http://vibranthealthnetwork.com/general-health/the-end-of-bp-drugs-v5?voluumdata=BASE64dmlkLi4wMDAwMDAwMC1hNmU5LTQ1NTEtODAwMC0wMDAwMDAwMDAwMDBfX3ZwaWQuLmRkMGMxMDAwLTExODQtMTFlNy04MGVmLWY0NDMyZmUxMGI4OV9fY2FpZC4uNjU2MGZhNjMtZDhkZC00NWZjLTk4MTUtNmU4ZDAyMjZmYjRjX19ydC4uUl9fbGlkLi5lMTI3MGEwMy02OTMzLTRlYTUtODcwOC1iN2UxMWVlY2I1YTZfX29pZDEuLjQyMzljNTQxLTNiOWQtNDc0Ny1hY2U4LThmYmVlNmM1NjFjM19fdmFyMS4ucmV2Y29udGVudF9fdmFyMi4ucmV2Y29udGVudF9fdmFyMy4uMTc2ODQ5Ml9fdmFyNC4uMTI0MDJfX3ZhcjUuLjU2Nl9fdmFyNi4uMjM0MzEyX19yZC4uX19haWQuLl9fYWIuLl9fc2lkLi4&tid=revcontent&cid=revcontent&CONTENT_ID=1768492&WIDGET_ID=12402&ACC_ID=566&BOOST_ID=234312,https://revcontent-p0.s3.amazonaws.com/content/images/1488903427.jpg,revcontent,http://www.ibtimes.com/
Shocking: Hidden Biblical Trick Melts Belly Fat Overnight (Try This Tonight!),http://realsocialonly.com/socred.html?voluumdata=BASE64dmlkLi4wMDAwMDAwOS0yYWQ3LTQ3Y2QtODAwMC0wMDAwMDAwMDAwMDBfX3ZwaWQuLmRkMGMxMDAwLTExODQtMTFlNy04MDg2LWRlYWNlMTllODNjMF9fY2FpZC4uYjQwNDc0NDUtODU3MS00MDliLWEwOWMtNDZlNmExYzFlOGNlX19ydC4uUl9fbGlkLi44YjI3OThhYi04NGNkLTQ5ZmUtOTlhMi1mYmE1YjE4NjgzYzZfX29pZDEuLmEyMWQ1MmNhLTg2MzUtNDNhZC1hZjI3LTBhOWRiMDc4OGRhYV9fdmFyMS4ucDNzMV9fdmFyMi4uMTc3NDgzNF9fdmFyMy4uMjM1MjEwX192YXI0Li5lZGl0b3JpYWwgbmV3c19fdmFyNS4uMTI0MDJfX3JkLi5fX2FpZC4uX19hYi4uX19zaWQuLg&ad=p3s1&utm_content_id=1774834&utm_content_id=1774834&utm_boost_id=235210&utm_boost_id=235210&utm_targeting=editorial%20news&utm_targeting=editorial%20news&utm_widget_id=12402&utm_widget_id=12402,https://revcontent-p0.s3.amazonaws.com/content/images/1489025414.jpg,revcontent,http://www.ibtimes.com/
20 Celebrities You Would Never Guess Are Actually Black,http://pophitz.com/celebrities-you-would-never-guess-are-actually-black/?utm_source=clickbooth-brand&utm_medium=desktop&utm_term=12402&utm_content=ibtimes.com,https://revcontent-p0.s3.amazonaws.com/content/images/1485246211.jpg,revcontent,http://www.ibtimes.com/
14 Times Lotto Winner:Do This Every Time You Buy A Lotto Ticket (Win 1/12 Times),http://moneynewstips.com/indexc7b71.html?voluumdata=BASE64dmlkLi4wMDAwMDAwMS1kYjM1LTQzMWItODAwMC0wMDAwMDAwMDAwMDBfX3ZwaWQuLmRkMGMxMDAwLTExODQtMTFlNy04ZGU0LTAzZjc4N2EwOTAwN19fY2FpZC4uMzUxY2VhMmUtZWFmNS00MzY4LWI0NTAtYzI1MmQ3MTg0ZGQ2X19ydC4uUl9fbGlkLi5iZGNjM2EyMC01YTEyLTQwNjMtOGY3YS00OWFhZTIwNzU4MGNfX29pZDEuLmNiMzViN2NlLTE5Y2YtNGQ2Yi1hMDQ4LTY1ZDhkM2NmYTMwOF9fdmFyMS4uZWRpdG9yaWFsIG5ld3NfX3ZhcjMuLjE3OTc5MDdfX3ZhcjQuLjE4ODA4MV9fdmFyNS4uMTI0MDJfX3JkLi5fX2FpZC4uX19hYi4uX19zaWQuLg&utm_content_id=1797907&utm_boost_id=188081&utm_targeting=editorial%20news&utm_widget_id=12402,https://revcontent-p0.s3.amazonaws.com/content/images/1487698709.jpg,revcontent,http://www.ibtimes.com/
Laurence Fishburne Doesn't Talk About His Daughter. Here's Why,http://www.reinventingaging.org/entertainment/the-trials-and-tribulations-of-celeb-kids/?utm_source=12402&utm_medium=editorial%20news&utm_campaign=Revcontent%20-%20jbrisbane5%20-%20Celebrity%20Kids%20-%20DT,https://revcontent-p0.s3.amazonaws.com/content/images/9992d9964a1bf65700b1d5d73e3eb605.png,revcontent,http://www.ibtimes.com/
How This App Can Teach You Spanish in Just 3 Weeks,https://www.babbel.com/en/magazine/how-our-app-teaches-you-spanish-in-3-weeks?bsc=engmag-a189-cunystudy-cd-usa-rc&btp=1_usa_rev_cd&utm_campaign=cd_usaall_gen_cus_cunystudy&utm_content=ibtimes.com&utm_medium=CON&utm_source=revcontent&utm_term=12402,https://revcontent-p0.s3.amazonaws.com/content/images/1487103974.jpg,revcontent,http://www.ibtimes.com/
"3 Common Foods Surgeons Are Calling ""Death Foods""",http://3harmfulfoods.com/video_161017.php?rc=1,https://revcontent-p0.s3.amazonaws.com/content/images/1478726970.jpg,revcontent,http://www.ibtimes.com/
New Rule In New York New York,http://betterfinances.co/landers/auto-insurance/rc/altft/newrate/index-t2.php?region=New%20York&voluumdata=BASE64dmlkLi4wMDAwMDAwMy02OTY5LTRlN2ItODAwMC0wMDAwMDAwMDAwMDBfX3ZwaWQuLmRkMGMxMDAwLTExODQtMTFlNy04Yjg4LWQ3NWQ4ZmVkNzQ0OV9fY2FpZC4uMzYyZTFkYzQtMjVmMC00Yzc2LTkyNzctZjg5NWVlNjQzNzJhX19ydC4uUl9fbGlkLi5jMmFmZDcxZi1kOGY4LTRiODktOGZiNS01ZGY2MzYxZDQ1Y2ZfX29pZDEuLjI3ZjVlNTVlLWYwYzItNDllZC1hOTI2LTNhZDBmNzRlNWYzNl9fdmFyMS4uMjczODgwX192YXIyLi4zODA5N19fdmFyMy4uZWRpdG9yaWFsIG5ld3NfX3ZhcjQuLjEyNDAyX19yZC4uX19haWQuLl9fYWIuLl9fc2lkLi4&content_id=273880&boost_id=38097&adv_targets=editorial%20news&widget_id=12402,https://revcontent-production.s3.amazonaws.com/content/images/1435786104.jpg,revcontent,http://www.ibtimes.com/
Why Doctors In The Know No Longer Prescribe Blood Pressure Drugs,http://vibranthealthnetwork.com/general-health/the-end-of-bp-drugs-v5?voluumdata=BASE64dmlkLi4wMDAwMDAwNi04Nzk3LTQ4MDktODAwMC0wMDAwMDAwMDAwMDBfX3ZwaWQuLmRkMGMxMDAwLTExODQtMTFlNy04NGIyLTljY2QzZjQzMjg5YV9fY2FpZC4uNjU2MGZhNjMtZDhkZC00NWZjLTk4MTUtNmU4ZDAyMjZmYjRjX19ydC4uUl9fbGlkLi5lMTI3MGEwMy02OTMzLTRlYTUtODcwOC1iN2UxMWVlY2I1YTZfX29pZDEuLmYyYWY3ODIxLTFjYmUtNDRiZi1iZWZlLTIyYzUwMGM1ZDIxY19fdmFyMS4ucmV2Y29udGVudF9fdmFyMi4ucmV2Y29udGVudF9fdmFyMy4uMTc2ODQ5OF9fdmFyNC4uMTI0MDJfX3ZhcjUuLjU2Nl9fdmFyNi4uMjM0MzEyX19yZC4uX19haWQuLl9fYWIuLl9fc2lkLi4&tid=revcontent&cid=revcontent&CONTENT_ID=1768498&WIDGET_ID=12402&ACC_ID=566&BOOST_ID=234312,https://revcontent-p0.s3.amazonaws.com/content/images/1488903502.jpg,revcontent,http://www.ibtimes.com/
